{
    "config_version": {
        "id": "project_towny",
        "version": 0
    },
    "dimensions": [
        {
            "dim": 10,
            "biome": "biometweaker:underground_ocean",
            "dimensiontype": {
                "id": 10,
                "name": "Europa",
                "keeploaded": false,
                "worldprovider": "WorldProviderSurfaceJED"
            },
            "jed": {
                "CloudHeight": "256",
                "SkyRenderer": "zmaster587.advancedRocketry.client.render.planet.RenderPlanetarySky",
                "__or_perhaps:": "zmaster587.advancedRocketry.client.render.planet.RenderSpaceSky"
            },
            "worldinfo_onetime": {
                "generatorName": "customized",
                "generatorOptions": "{\"coordinateScale\":684.412,\"heightScale\":684.412,\"lowerLimitScale\":1024.0,\"upperLimitScale\":32.0,\"depthNoiseScaleX\":200.0,\"depthNoiseScaleZ\":200.0,\"depthNoiseScaleExponent\":0.5,\"mainNoiseScaleX\":80.0,\"mainNoiseScaleY\":160.0,\"mainNoiseScaleZ\":80.0,\"baseSize\":8.5,\"stretchY\":12.0,\"biomeDepthWeight\":1.0,\"biomeDepthOffset\":0.0,\"biomeScaleWeight\":1.0,\"biomeScaleOffset\":0.0,\"seaLevel\":180,\"useCaves\":true,\"useDungeons\":false,\"useStrongholds\":false,\"useVillages\":false,\"useMineShafts\":false,\"useTemples\":false,\"useMonuments\":false,\"useMansions\":false,\"useRavines\":true,\"useWaterLakes\":false,\"useLavaLakes\":false,\"useLavaOceans\":false,\"dirtSize\":33,\"dirtCount\":10,\"dirtMinHeight\":0,\"dirtMaxHeight\":255}"
            }  
        },
        {
            "dim": 11,
            "biome": "biometweaker:ice_moon",
            "dimensiontype": {
                "id": 11,
                "name": "Ganymede",
                "keeploaded": false,
                "worldprovider": "WorldProviderSurfaceJED"
            },
            "jed": {
                "SkyRenderer": "zmaster587.advancedRocketry.client.render.planet.RenderPlanetarySky",
                "__or_perhaps:": "zmaster587.advancedRocketry.client.render.planet.RenderSpaceSky"
            },
            "worldinfo_onetime": {
                "generatorName": "customized",
                "generatorOptions": "{\"useCaves\":false,\"useRavines\":false,\"useWaterLakes\":false,\"useLavaLakes\":false}"
            }  
        },
        {
            "dim": 12,
            "biome": "biometweaker:ice_moon",
            "dimensiontype": {
                "id": 12,
                "name": "Callisto",
                "keeploaded": false,
                "worldprovider": "WorldProviderSurfaceJED"
            },
            "jed": {
                "SkyRenderer": "zmaster587.advancedRocketry.client.render.planet.RenderPlanetarySky",
                "__or_perhaps:": "zmaster587.advancedRocketry.client.render.planet.RenderSpaceSky"
            },
            "worldinfo_onetime": {
                "generatorName": "customized",
                "generatorOptions": "{\"useCaves\":false,\"useRavines\":false,\"useWaterLakes\":false,\"useLavaLakes\":false}"
            }  
        },
        {
            "dim": 15,
            "biome": "biometweaker:snow_moon",
            "dimensiontype": {
                "id": 15,
                "name": "Enceladus",
                "keeploaded": false,
                "worldprovider": "WorldProviderSurfaceJED"
            },
            "jed": {
                "SkyRenderer": "zmaster587.advancedRocketry.client.render.planet.RenderPlanetarySky",
                "__or_perhaps:": "zmaster587.advancedRocketry.client.render.planet.RenderSpaceSky"
            },
            "worldinfo_onetime": {
                "generatorName": "customized",
                "generatorOptions": "{\"useCaves\":false,\"useRavines\":false,\"useWaterLakes\":false,\"useLavaLakes\":false}"
            }  
        },
        {
            "dim": 16,
            "biome": "biometweaker:snow_moon",
            "dimensiontype": {
                "id": 16,
                "name": "Tethys",
                "keeploaded": false,
                "worldprovider": "WorldProviderSurfaceJED"
            },
            "jed": {
                "SkyRenderer": "zmaster587.advancedRocketry.client.render.planet.RenderPlanetarySky",
                "__or_perhaps:": "zmaster587.advancedRocketry.client.render.planet.RenderSpaceSky"
            },
            "worldinfo_onetime": {
                "generatorName": "customized",
                "generatorOptions": "{\"useCaves\":false,\"useRavines\":false,\"useWaterLakes\":false,\"useLavaLakes\":false}"
            }  
        },
        {
            "dim": 17,
            "biome": "biometweaker:snow_moon",
            "dimensiontype": {
                "id": 17,
                "name": "Dione",
                "keeploaded": false,
                "worldprovider": "WorldProviderSurfaceJED"
            },
            "jed": {
                "SkyRenderer": "zmaster587.advancedRocketry.client.render.planet.RenderPlanetarySky",
                "__or_perhaps:": "zmaster587.advancedRocketry.client.render.planet.RenderSpaceSky"
            },
            "worldinfo_onetime": {
                "generatorName": "customized",
                "generatorOptions": "{\"useCaves\":false,\"useRavines\":false,\"useWaterLakes\":false,\"useLavaLakes\":false}"
            }  
        },
        {
            "dim": 18,
            "biome": "biometweaker:ice_moon",
            "dimensiontype": {
                "id": 18,
                "name": "Rhea",
                "keeploaded": false,
                "worldprovider": "WorldProviderSurfaceJED"
            },
            "jed": {
                "SkyRenderer": "zmaster587.advancedRocketry.client.render.planet.RenderPlanetarySky",
                "__or_perhaps:": "zmaster587.advancedRocketry.client.render.planet.RenderSpaceSky"
            },
            "worldinfo_onetime": {
                "generatorName": "customized",
                "generatorOptions": "{\"useCaves\":false,\"useRavines\":false,\"useWaterLakes\":false,\"useLavaLakes\":false}"
            }  
        },
        {
            "dim": 99,
            "biome": "biometweaker:ice_moon",
            "dimensiontype": {
                "id": 99,
                "name": "Titan",
                "keeploaded": false,
                "worldprovider": "WorldProviderSurfaceJED"
            },
            "jed": {
                "CloudColor": "e6b919",
                "SkyRenderer": "zmaster587.advancedRocketry.client.render.planet.RenderPlanetarySky",
                "__or_perhaps:": "zmaster587.advancedRocketry.client.render.planet.RenderSpaceSky"
            },
            "worldinfo_onetime": {
                "generatorName": "customized",
                "generatorOptions": "{\"useCaves\":false,\"useRavines\":false,\"useLavaLakes\":false}"
            }  
        },
        {
            "dim": 24,
            "biome": "biometweaker:moon_amplified",
            "dimensiontype": {
                "id": 24,
                "name": "Miranda",
                "keeploaded": false,
                "worldprovider": "WorldProviderSurfaceJED"
            },
            "jed": {
                "SkyRenderer": "zmaster587.advancedRocketry.client.render.planet.RenderPlanetarySky",
                "__or_perhaps:": "zmaster587.advancedRocketry.client.render.planet.RenderSpaceSky"
            },
            "worldinfo_onetime": {
                "generatorName": "amplified",
                "generatorOptions": "{\"useDungeons\":false,\"useStrongholds\":false,\"useVillages\":false,\"useMineShafts\":false,\"useTemples\":false,\"useMonuments\":false,\"useMansions\":false,\"useWaterLakes\":false,\"useLavaLakes\":false,\"useLavaOceans\":false}"
            }
        },
        {
            "dim": 27,
            "biome": "biometweaker:moon_amplified",
            "dimensiontype": {
                "id": 27,
                "name": "Titania",
                "keeploaded": false,
                "worldprovider": "WorldProviderSurfaceJED"
            },
            "jed": {
                "SkyRenderer": "zmaster587.advancedRocketry.client.render.planet.RenderPlanetarySky",
                "__or_perhaps:": "zmaster587.advancedRocketry.client.render.planet.RenderSpaceSky"
            },
            "worldinfo_onetime": {
                "generatorName": "amplified",
                "generatorOptions": "{\"useDungeons\":false,\"useStrongholds\":false,\"useVillages\":false,\"useMineShafts\":false,\"useTemples\":false,\"useMonuments\":false,\"useMansions\":false,\"useWaterLakes\":false,\"useLavaLakes\":false,\"useLavaOceans\":false}"
            }
        }
        
    ]
}