<?xml version="1.0" encoding="UTF-8" standalone="no"?>
<galaxy>
    <star blackHole="false" name="Sol" numGasGiants="0" numPlanets="0" size="1.0" temp="100" x="0" y="0">
        <planet DIMID="0" customIcon="earthlike" dimMapping="" name="Earth">
            <isKnown>true</isKnown>
            <fogColor>1.0,1.0,1.0</fogColor>
            <skyColor>1.0,1.0,1.0</skyColor>
            <gravitationalMultiplier>100</gravitationalMultiplier>
            <orbitalDistance>100</orbitalDistance>
            <orbitalTheta>0</orbitalTheta>
            <orbitalPhi>0</orbitalPhi>
            <retrograde>false</retrograde>
            <avgTemperature>287</avgTemperature>
            <rotationalPeriod>24000</rotationalPeriod>
            <atmosphereDensity>100</atmosphereDensity>
            <generateCraters>false</generateCraters>
            <generateCaves>false</generateCaves>
            <generateVolcanos>false</generateVolcanos>
            <generateStructures>false</generateStructures>
            <generateGeodes>false</generateGeodes>
            <planet DIMID="35" name="Luna">
                <isKnown>true</isKnown>
                <fogColor>1.0,1.0,1.0</fogColor>
                <skyColor>1.0,1.0,1.0</skyColor>
                <gravitationalMultiplier>20</gravitationalMultiplier>
                <orbitalDistance>200</orbitalDistance>
                <orbitalTheta>340</orbitalTheta>
                <orbitalPhi>0</orbitalPhi>
                <retrograde>false</retrograde>
                <avgTemperature>180</avgTemperature>
                <rotationalPeriod>700800</rotationalPeriod>
                <atmosphereDensity>0</atmosphereDensity>
                <generateCraters>false</generateCraters>
                <generateCaves>false</generateCaves>
                <generateVolcanos>false</generateVolcanos>
                <generateStructures>false</generateStructures>
                <generateGeodes>false</generateGeodes>
                <biomeIds>advancedrocketry:moon;30,advancedrocketry:moondark;30</biomeIds>
            </planet>
        </planet>
        <planet DIMID="33" customIcon="iceworld" name="Pluto">
            <isKnown>false</isKnown>
            <fogColor>1.0,1.0,1.0</fogColor>
            <skyColor>1.0,1.0,1.0</skyColor>
            <gravitationalMultiplier>4</gravitationalMultiplier>
            <orbitalDistance>900</orbitalDistance>
            <orbitalTheta>320</orbitalTheta>
            <orbitalPhi>0</orbitalPhi>
            <retrograde>false</retrograde>
            <avgTemperature>85</avgTemperature>
            <rotationalPeriod>154000</rotationalPeriod>
            <atmosphereDensity>0</atmosphereDensity>
            <generateCraters>false</generateCraters>
            <generateCaves>false</generateCaves>
            <generateVolcanos>false</generateVolcanos>
            <generateStructures>false</generateStructures>
            <generateGeodes>false</generateGeodes>
            <biomeIds>advancedrocketry:moon;30,advancedrocketry:moondark;30</biomeIds>
            <planet DIMID="34" name="Charon">
                <isKnown>false</isKnown>
                <fogColor>1.0,1.0,1.0</fogColor>
                <skyColor>1.0,1.0,1.0</skyColor>
                <gravitationalMultiplier>3</gravitationalMultiplier>
                <orbitalDistance>100</orbitalDistance>
                <orbitalTheta>239</orbitalTheta>
                <orbitalPhi>0</orbitalPhi>
                <retrograde>false</retrograde>
                <avgTemperature>255</avgTemperature>
                <rotationalPeriod>154000</rotationalPeriod>
                <atmosphereDensity>0</atmosphereDensity>
                <generateCraters>false</generateCraters>
                <generateCaves>false</generateCaves>
                <generateVolcanos>false</generateVolcanos>
                <generateStructures>false</generateStructures>
                <generateGeodes>false</generateGeodes>
                <biomeIds>advancedrocketry:moon;30,advancedrocketry:moondark;30</biomeIds>
            </planet>
        </planet>
        <planet DIMID="3" name="Mercury">
            <isKnown>false</isKnown>
            <fogColor>1.0,1.0,1.0</fogColor>
            <skyColor>1.0,1.0,1.0</skyColor>
            <gravitationalMultiplier>37</gravitationalMultiplier>
            <orbitalDistance>30</orbitalDistance>
            <orbitalTheta>160</orbitalTheta>
            <orbitalPhi>0</orbitalPhi>
            <retrograde>false</retrograde>
            <avgTemperature>467</avgTemperature>
            <rotationalPeriod>1408000</rotationalPeriod>
            <atmosphereDensity>0</atmosphereDensity>
            <generateCraters>false</generateCraters>
            <generateCaves>false</generateCaves>
            <generateVolcanos>false</generateVolcanos>
            <generateStructures>false</generateStructures>
            <generateGeodes>false</generateGeodes>
            <biomeIds>advancedrocketry:moon;30,advancedrocketry:moondark;30</biomeIds>
        </planet>
        <planet DIMID="4" customIcon="venusian" name="Venus">
            <isKnown>false</isKnown>
            <fogColor>1.0,0.6627451,0.16862746</fogColor>
            <skyColor>1.0,0.7176471,0.3019608</skyColor>
            <gravitationalMultiplier>90</gravitationalMultiplier>
            <orbitalDistance>70</orbitalDistance>
            <orbitalTheta>270</orbitalTheta>
            <orbitalPhi>0</orbitalPhi>
            <retrograde>false</retrograde>
            <avgTemperature>486</avgTemperature>
            <rotationalPeriod>5832000</rotationalPeriod>
            <atmosphereDensity>400</atmosphereDensity>
            <generateCraters>false</generateCraters>
            <generateCaves>false</generateCaves>
            <generateVolcanos>false</generateVolcanos>
            <generateStructures>false</generateStructures>
            <generateGeodes>false</generateGeodes>
            <biomeIds>advancedrocketry:volcanic;30,advancedrocketry:volcanicbarren;30</biomeIds>
            <oceanBlock>minecraft:lava</oceanBlock>
        </planet>
        <planet DIMID="5" customIcon="marslike" name="Mars">
            <isKnown>true</isKnown>
            <fogColor>1.0,1.0,1.0</fogColor>
            <skyColor>1.0,1.0,1.0</skyColor>
            <gravitationalMultiplier>38</gravitationalMultiplier>
            <orbitalDistance>150</orbitalDistance>
            <orbitalTheta>200</orbitalTheta>
            <orbitalPhi>0</orbitalPhi>
            <retrograde>false</retrograde>
            <avgTemperature>208</avgTemperature>
            <rotationalPeriod>25000</rotationalPeriod>
            <atmosphereDensity>1</atmosphereDensity>
            <generateCraters>false</generateCraters>
            <generateCaves>false</generateCaves>
            <generateVolcanos>false</generateVolcanos>
            <generateStructures>false</generateStructures>
            <generateGeodes>false</generateGeodes>
            <biomeIds>advancedrocketry:hotdryrock;30</biomeIds>
            <planet DIMID="6" name="Phobos">
                <isKnown>false</isKnown>
                <fogColor>1.0,1.0,1.0</fogColor>
                <skyColor>1.0,1.0,1.0</skyColor>
                <gravitationalMultiplier>20</gravitationalMultiplier>
                <orbitalDistance>100</orbitalDistance>
                <orbitalTheta>290</orbitalTheta>
                <orbitalPhi>0</orbitalPhi>
                <retrograde>false</retrograde>
                <avgTemperature>255</avgTemperature>
                <rotationalPeriod>7660</rotationalPeriod>
                <atmosphereDensity>0</atmosphereDensity>
                <generateCraters>false</generateCraters>
                <generateCaves>false</generateCaves>
                <generateVolcanos>false</generateVolcanos>
                <generateStructures>false</generateStructures>
                <generateGeodes>false</generateGeodes>
                <biomeIds>advancedrocketry:moon;30,advancedrocketry:moondark;30</biomeIds>
            </planet>
            <planet DIMID="7" name="Deimos">
                <isKnown>false</isKnown>
                <fogColor>1.0,1.0,1.0</fogColor>
                <skyColor>1.0,1.0,1.0</skyColor>
                <gravitationalMultiplier>10</gravitationalMultiplier>
                <orbitalDistance>400</orbitalDistance>
                <orbitalTheta>70</orbitalTheta>
                <orbitalPhi>0</orbitalPhi>
                <retrograde>false</retrograde>
                <avgTemperature>127</avgTemperature>
                <rotationalPeriod>30500</rotationalPeriod>
                <atmosphereDensity>0</atmosphereDensity>
                <generateCraters>false</generateCraters>
                <generateCaves>false</generateCaves>
                <generateVolcanos>false</generateVolcanos>
                <generateStructures>false</generateStructures>
                <generateGeodes>false</generateGeodes>
                <biomeIds>advancedrocketry:moon;30,advancedrocketry:moondark;30</biomeIds>
            </planet>
        </planet>
        <planet DIMID="23" customIcon="gasgiantblue" name="Uranus">
            <isKnown>false</isKnown>
            <GasGiant>true</GasGiant>
            <gas>hydrogen</gas>
            <gas>helium</gas>
            <fogColor>1.0,1.0,1.0</fogColor>
            <skyColor>1.0,1.0,1.0</skyColor>
            <gravitationalMultiplier>109</gravitationalMultiplier>
            <orbitalDistance>450</orbitalDistance>
            <orbitalTheta>59</orbitalTheta>
            <orbitalPhi>0</orbitalPhi>
            <retrograde>false</retrograde>
            <avgTemperature>271</avgTemperature>
            <rotationalPeriod>17000</rotationalPeriod>
            <atmosphereDensity>1600</atmosphereDensity>
            <generateCraters>false</generateCraters>
            <generateCaves>false</generateCaves>
            <generateVolcanos>false</generateVolcanos>
            <generateStructures>false</generateStructures>
            <generateGeodes>false</generateGeodes>
            <planet DIMID="24" dimMapping="" name="Miranda">
                <isKnown>false</isKnown>
                <fogColor>1.0,1.0,1.0</fogColor>
                <skyColor>1.0,1.0,1.0</skyColor>
                <gravitationalMultiplier>1</gravitationalMultiplier>
                <orbitalDistance>80</orbitalDistance>
                <orbitalTheta>210</orbitalTheta>
                <orbitalPhi>0</orbitalPhi>
                <retrograde>false</retrograde>
                <avgTemperature>286</avgTemperature>
                <rotationalPeriod>33840</rotationalPeriod>
                <atmosphereDensity>0</atmosphereDensity>
                <generateCraters>false</generateCraters>
                <generateCaves>false</generateCaves>
                <generateVolcanos>false</generateVolcanos>
                <generateStructures>false</generateStructures>
                <generateGeodes>false</generateGeodes>
            </planet>
            <planet DIMID="25" name="Ariel">
                <isKnown>false</isKnown>
                <fogColor>1.0,1.0,1.0</fogColor>
                <skyColor>1.0,1.0,1.0</skyColor>
                <gravitationalMultiplier>2</gravitationalMultiplier>
                <orbitalDistance>120</orbitalDistance>
                <orbitalTheta>70</orbitalTheta>
                <orbitalPhi>0</orbitalPhi>
                <retrograde>false</retrograde>
                <avgTemperature>233</avgTemperature>
                <rotationalPeriod>60480</rotationalPeriod>
                <atmosphereDensity>0</atmosphereDensity>
                <generateCraters>false</generateCraters>
                <generateCaves>false</generateCaves>
                <generateVolcanos>false</generateVolcanos>
                <generateStructures>false</generateStructures>
                <generateGeodes>false</generateGeodes>
                <biomeIds>advancedrocketry:moon;30,advancedrocketry:moondark;30</biomeIds>
            </planet>
            <planet DIMID="26" name="Umbriel">
                <isKnown>false</isKnown>
                <fogColor>1.0,1.0,1.0</fogColor>
                <skyColor>1.0,1.0,1.0</skyColor>
                <gravitationalMultiplier>3</gravitationalMultiplier>
                <orbitalDistance>200</orbitalDistance>
                <orbitalTheta>320</orbitalTheta>
                <orbitalPhi>0</orbitalPhi>
                <retrograde>false</retrograde>
                <avgTemperature>180</avgTemperature>
                <rotationalPeriod>96000</rotationalPeriod>
                <atmosphereDensity>0</atmosphereDensity>
                <generateCraters>false</generateCraters>
                <generateCaves>false</generateCaves>
                <generateVolcanos>false</generateVolcanos>
                <generateStructures>false</generateStructures>
                <generateGeodes>false</generateGeodes>
                <biomeIds>advancedrocketry:moon;30,advancedrocketry:moondark;30</biomeIds>
            </planet>
            <planet DIMID="27" dimMapping="" name="Titania">
                <isKnown>false</isKnown>
                <fogColor>1.0,1.0,1.0</fogColor>
                <skyColor>1.0,1.0,1.0</skyColor>
                <gravitationalMultiplier>4</gravitationalMultiplier>
                <orbitalDistance>300</orbitalDistance>
                <orbitalTheta>170</orbitalTheta>
                <orbitalPhi>0</orbitalPhi>
                <retrograde>false</retrograde>
                <avgTemperature>147</avgTemperature>
                <rotationalPeriod>209040</rotationalPeriod>
                <atmosphereDensity>0</atmosphereDensity>
                <generateCraters>false</generateCraters>
                <generateCaves>false</generateCaves>
                <generateVolcanos>false</generateVolcanos>
                <generateStructures>false</generateStructures>
                <generateGeodes>false</generateGeodes>
            </planet>
            <planet DIMID="28" name="Oberon">
                <isKnown>false</isKnown>
                <fogColor>1.0,1.0,1.0</fogColor>
                <skyColor>1.0,1.0,1.0</skyColor>
                <gravitationalMultiplier>3</gravitationalMultiplier>
                <orbitalDistance>120</orbitalDistance>
                <orbitalTheta>340</orbitalTheta>
                <orbitalPhi>0</orbitalPhi>
                <retrograde>false</retrograde>
                <avgTemperature>233</avgTemperature>
                <rotationalPeriod>324000</rotationalPeriod>
                <atmosphereDensity>0</atmosphereDensity>
                <generateCraters>false</generateCraters>
                <generateCaves>false</generateCaves>
                <generateVolcanos>false</generateVolcanos>
                <generateStructures>false</generateStructures>
                <generateGeodes>false</generateGeodes>
                <biomeIds>advancedrocketry:moon;30,advancedrocketry:moondark;30</biomeIds>
            </planet>
        </planet>
        <planet DIMID="8" customIcon="gasgiantbrown" name="Jupiter">
            <isKnown>false</isKnown>
            <GasGiant>true</GasGiant>
            <gas>hydrogen</gas>
            <gas>helium</gas>
            <fogColor>1.0,1.0,1.0</fogColor>
            <skyColor>1.0,1.0,1.0</skyColor>
            <gravitationalMultiplier>265</gravitationalMultiplier>
            <orbitalDistance>300</orbitalDistance>
            <orbitalTheta>20</orbitalTheta>
            <orbitalPhi>0</orbitalPhi>
            <retrograde>false</retrograde>
            <avgTemperature>332</avgTemperature>
            <rotationalPeriod>12000</rotationalPeriod>
            <atmosphereDensity>1600</atmosphereDensity>
            <generateCraters>false</generateCraters>
            <generateCaves>false</generateCaves>
            <generateVolcanos>false</generateVolcanos>
            <generateStructures>false</generateStructures>
            <generateGeodes>false</generateGeodes>
            <planet DIMID="9" name="Io">
                <isKnown>false</isKnown>
                <fogColor>1.0,1.0,1.0</fogColor>
                <skyColor>1.0,1.0,1.0</skyColor>
                <gravitationalMultiplier>18</gravitationalMultiplier>
                <orbitalDistance>100</orbitalDistance>
                <orbitalTheta>140</orbitalTheta>
                <orbitalPhi>0</orbitalPhi>
                <retrograde>false</retrograde>
                <avgTemperature>255</avgTemperature>
                <rotationalPeriod>42000</rotationalPeriod>
                <atmosphereDensity>0</atmosphereDensity>
                <generateCraters>false</generateCraters>
                <generateCaves>false</generateCaves>
                <generateVolcanos>false</generateVolcanos>
                <generateStructures>false</generateStructures>
                <generateGeodes>false</generateGeodes>
                <biomeIds>advancedrocketry:volcanic;30,advancedrocketry:volcanicbarren;30</biomeIds>
                <oceanBlock>minecraft:lava</oceanBlock>
            </planet>
            <planet DIMID="10" dimMapping="" name="Europa">
                <isKnown>false</isKnown>
                <fogColor>1.0,1.0,1.0</fogColor>
                <skyColor>1.0,1.0,1.0</skyColor>
                <gravitationalMultiplier>13</gravitationalMultiplier>
                <orbitalDistance>300</orbitalDistance>
                <orbitalTheta>70</orbitalTheta>
                <orbitalPhi>0</orbitalPhi>
                <retrograde>false</retrograde>
                <avgTemperature>147</avgTemperature>
                <rotationalPeriod>85000</rotationalPeriod>
                <atmosphereDensity>0</atmosphereDensity>
                <generateCraters>false</generateCraters>
                <generateCaves>false</generateCaves>
                <generateVolcanos>false</generateVolcanos>
                <generateStructures>false</generateStructures>
                <generateGeodes>false</generateGeodes>
            </planet>
            <planet DIMID="11" dimMapping="" name="Ganymede">
                <isKnown>false</isKnown>
                <fogColor>1.0,1.0,1.0</fogColor>
                <skyColor>1.0,1.0,1.0</skyColor>
                <gravitationalMultiplier>15</gravitationalMultiplier>
                <orbitalDistance>500</orbitalDistance>
                <orbitalTheta>340</orbitalTheta>
                <orbitalPhi>0</orbitalPhi>
                <retrograde>false</retrograde>
                <avgTemperature>114</avgTemperature>
                <rotationalPeriod>171600</rotationalPeriod>
                <atmosphereDensity>0</atmosphereDensity>
                <generateCraters>false</generateCraters>
                <generateCaves>false</generateCaves>
                <generateVolcanos>false</generateVolcanos>
                <generateStructures>false</generateStructures>
                <generateGeodes>false</generateGeodes>
            </planet>
            <planet DIMID="12" dimMapping="" name="Callisto">
                <isKnown>false</isKnown>
                <fogColor>1.0,1.0,1.0</fogColor>
                <skyColor>1.0,1.0,1.0</skyColor>
                <gravitationalMultiplier>13</gravitationalMultiplier>
                <orbitalDistance>700</orbitalDistance>
                <orbitalTheta>170</orbitalTheta>
                <orbitalPhi>0</orbitalPhi>
                <retrograde>false</retrograde>
                <avgTemperature>96</avgTemperature>
                <rotationalPeriod>400800</rotationalPeriod>
                <atmosphereDensity>0</atmosphereDensity>
                <generateCraters>false</generateCraters>
                <generateCaves>false</generateCaves>
                <generateVolcanos>false</generateVolcanos>
                <generateStructures>false</generateStructures>
                <generateGeodes>false</generateGeodes>
            </planet>
        </planet>
        <planet DIMID="13" customIcon="gasgiantbrown" name="Saturn">
            <isKnown>false</isKnown>
            <hasRings>true</hasRings>
            <ringColor>0.4,0.4,0.7</ringColor>
            <GasGiant>true</GasGiant>
            <gas>hydrogen</gas>
            <gas>helium</gas>
            <fogColor>1.0,1.0,1.0</fogColor>
            <skyColor>1.0,1.0,1.0</skyColor>
            <gravitationalMultiplier>113</gravitationalMultiplier>
            <orbitalDistance>400</orbitalDistance>
            <orbitalTheta>119</orbitalTheta>
            <orbitalPhi>0</orbitalPhi>
            <retrograde>false</retrograde>
            <avgTemperature>287</avgTemperature>
            <rotationalPeriod>11000</rotationalPeriod>
            <atmosphereDensity>1600</atmosphereDensity>
            <generateCraters>false</generateCraters>
            <generateCaves>false</generateCaves>
            <generateVolcanos>false</generateVolcanos>
            <generateStructures>false</generateStructures>
            <generateGeodes>false</generateGeodes>
            <planet DIMID="16" dimMapping="" name="Tethys">
                <isKnown>false</isKnown>
                <fogColor>1.0,1.0,1.0</fogColor>
                <skyColor>1.0,1.0,1.0</skyColor>
                <gravitationalMultiplier>1</gravitationalMultiplier>
                <orbitalDistance>500</orbitalDistance>
                <orbitalTheta>340</orbitalTheta>
                <orbitalPhi>0</orbitalPhi>
                <retrograde>false</retrograde>
                <avgTemperature>114</avgTemperature>
                <rotationalPeriod>45360</rotationalPeriod>
                <atmosphereDensity>0</atmosphereDensity>
                <generateCraters>false</generateCraters>
                <generateCaves>false</generateCaves>
                <generateVolcanos>false</generateVolcanos>
                <generateStructures>false</generateStructures>
                <generateGeodes>false</generateGeodes>
            </planet>
            <planet DIMID="17" dimMapping="" name="Dione">
                <isKnown>false</isKnown>
                <fogColor>1.0,1.0,1.0</fogColor>
                <skyColor>1.0,1.0,1.0</skyColor>
                <gravitationalMultiplier>2</gravitationalMultiplier>
                <orbitalDistance>500</orbitalDistance>
                <orbitalTheta>340</orbitalTheta>
                <orbitalPhi>0</orbitalPhi>
                <retrograde>false</retrograde>
                <avgTemperature>114</avgTemperature>
                <rotationalPeriod>65760</rotationalPeriod>
                <atmosphereDensity>0</atmosphereDensity>
                <generateCraters>false</generateCraters>
                <generateCaves>false</generateCaves>
                <generateVolcanos>false</generateVolcanos>
                <generateStructures>false</generateStructures>
                <generateGeodes>false</generateGeodes>
            </planet>
            <planet DIMID="18" dimMapping="" name="Rhea">
                <isKnown>false</isKnown>
                <fogColor>1.0,1.0,1.0</fogColor>
                <skyColor>1.0,1.0,1.0</skyColor>
                <gravitationalMultiplier>3</gravitationalMultiplier>
                <orbitalDistance>700</orbitalDistance>
                <orbitalTheta>290</orbitalTheta>
                <orbitalPhi>0</orbitalPhi>
                <retrograde>false</retrograde>
                <avgTemperature>96</avgTemperature>
                <rotationalPeriod>108000</rotationalPeriod>
                <atmosphereDensity>0</atmosphereDensity>
                <generateCraters>false</generateCraters>
                <generateCaves>false</generateCaves>
                <generateVolcanos>false</generateVolcanos>
                <generateStructures>false</generateStructures>
                <generateGeodes>false</generateGeodes>
            </planet>
            <planet DIMID="19" name="Titan">
                <isKnown>false</isKnown>
                <hasOxygen>false</hasOxygen>
                <fogColor>0.9019608,0.7254902,0.09803922</fogColor>
                <skyColor>0.9019608,0.7254902,0.09803922</skyColor>
                <gravitationalMultiplier>14</gravitationalMultiplier>
                <orbitalDistance>100</orbitalDistance>
                <orbitalTheta>140</orbitalTheta>
                <orbitalPhi>0</orbitalPhi>
                <retrograde>false</retrograde>
                <avgTemperature>318</avgTemperature>
                <rotationalPeriod>382560</rotationalPeriod>
                <atmosphereDensity>150</atmosphereDensity>
                <generateCraters>false</generateCraters>
                <generateCaves>false</generateCaves>
                <generateVolcanos>false</generateVolcanos>
                <generateStructures>false</generateStructures>
                <generateGeodes>false</generateGeodes>
                <biomeIds>minecraft:ocean;30,biometweaker:titan;30</biomeIds>
                <oceanBlock>immersivepetroleum:fluid_diesel</oceanBlock>
            </planet>
            <planet DIMID="20" name="Hyperion">
                <isKnown>false</isKnown>
                <fogColor>1.0,1.0,1.0</fogColor>
                <skyColor>1.0,1.0,1.0</skyColor>
                <gravitationalMultiplier>1</gravitationalMultiplier>
                <orbitalDistance>300</orbitalDistance>
                <orbitalTheta>70</orbitalTheta>
                <orbitalPhi>0</orbitalPhi>
                <retrograde>false</retrograde>
                <avgTemperature>147</avgTemperature>
                <rotationalPeriod>5000</rotationalPeriod>
                <atmosphereDensity>0</atmosphereDensity>
                <generateCraters>false</generateCraters>
                <generateCaves>false</generateCaves>
                <generateVolcanos>false</generateVolcanos>
                <generateStructures>false</generateStructures>
                <generateGeodes>false</generateGeodes>
                <biomeIds>advancedrocketry:moon;30,advancedrocketry:moondark;30</biomeIds>
            </planet>
            <planet DIMID="21" name="Iapetus">
                <isKnown>false</isKnown>
                <fogColor>1.0,1.0,1.0</fogColor>
                <skyColor>1.0,1.0,1.0</skyColor>
                <gravitationalMultiplier>2</gravitationalMultiplier>
                <orbitalDistance>500</orbitalDistance>
                <orbitalTheta>340</orbitalTheta>
                <orbitalPhi>0</orbitalPhi>
                <retrograde>false</retrograde>
                <avgTemperature>114</avgTemperature>
                <rotationalPeriod>1903680</rotationalPeriod>
                <atmosphereDensity>0</atmosphereDensity>
                <generateCraters>false</generateCraters>
                <generateCaves>false</generateCaves>
                <generateVolcanos>false</generateVolcanos>
                <generateStructures>false</generateStructures>
                <generateGeodes>false</generateGeodes>
                <biomeIds>advancedrocketry:moon;30,advancedrocketry:moondark;30</biomeIds>
            </planet>
            <planet DIMID="22" name="Phoebe">
                <isKnown>false</isKnown>
                <fogColor>1.0,1.0,1.0</fogColor>
                <skyColor>1.0,1.0,1.0</skyColor>
                <gravitationalMultiplier>1</gravitationalMultiplier>
                <orbitalDistance>500</orbitalDistance>
                <orbitalTheta>340</orbitalTheta>
                <orbitalPhi>0</orbitalPhi>
                <retrograde>false</retrograde>
                <avgTemperature>114</avgTemperature>
                <rotationalPeriod>9330</rotationalPeriod>
                <atmosphereDensity>0</atmosphereDensity>
                <generateCraters>false</generateCraters>
                <generateCaves>false</generateCaves>
                <generateVolcanos>false</generateVolcanos>
                <generateStructures>false</generateStructures>
                <generateGeodes>false</generateGeodes>
                <biomeIds>advancedrocketry:moon;30,advancedrocketry:moondark;30</biomeIds>
            </planet>
            <planet DIMID="14" name="Mimas">
                <isKnown>false</isKnown>
                <fogColor>1.0,1.0,1.0</fogColor>
                <skyColor>1.0,1.0,1.0</skyColor>
                <gravitationalMultiplier>1</gravitationalMultiplier>
                <orbitalDistance>70</orbitalDistance>
                <orbitalTheta>140</orbitalTheta>
                <orbitalPhi>0</orbitalPhi>
                <retrograde>false</retrograde>
                <avgTemperature>305</avgTemperature>
                <rotationalPeriod>23000</rotationalPeriod>
                <atmosphereDensity>0</atmosphereDensity>
                <generateCraters>false</generateCraters>
                <generateCaves>false</generateCaves>
                <generateVolcanos>false</generateVolcanos>
                <generateStructures>false</generateStructures>
                <generateGeodes>false</generateGeodes>
                <biomeIds>advancedrocketry:moon;30,advancedrocketry:moondark;30</biomeIds>
            </planet>
            <planet DIMID="15" dimMapping="" name="Enceladus">
                <isKnown>false</isKnown>
                <fogColor>1.0,1.0,1.0</fogColor>
                <skyColor>1.0,1.0,1.0</skyColor>
                <gravitationalMultiplier>1</gravitationalMultiplier>
                <orbitalDistance>100</orbitalDistance>
                <orbitalTheta>70</orbitalTheta>
                <orbitalPhi>0</orbitalPhi>
                <retrograde>false</retrograde>
                <avgTemperature>255</avgTemperature>
                <rotationalPeriod>32880</rotationalPeriod>
                <atmosphereDensity>0</atmosphereDensity>
                <generateCraters>false</generateCraters>
                <generateCaves>false</generateCaves>
                <generateVolcanos>false</generateVolcanos>
                <generateStructures>false</generateStructures>
                <generateGeodes>false</generateGeodes>
            </planet>
        </planet>
        <planet DIMID="29" customIcon="gasgiantblue" name="Neptune">
            <isKnown>false</isKnown>
            <GasGiant>true</GasGiant>
            <gas>hydrogen</gas>
            <gas>helium</gas>
            <fogColor>1.0,1.0,1.0</fogColor>
            <skyColor>1.0,1.0,1.0</skyColor>
            <gravitationalMultiplier>144</gravitationalMultiplier>
            <orbitalDistance>600</orbitalDistance>
            <orbitalTheta>239</orbitalTheta>
            <orbitalPhi>0</orbitalPhi>
            <retrograde>false</retrograde>
            <avgTemperature>235</avgTemperature>
            <rotationalPeriod>16000</rotationalPeriod>
            <atmosphereDensity>1600</atmosphereDensity>
            <generateCraters>false</generateCraters>
            <generateCaves>false</generateCaves>
            <generateVolcanos>false</generateVolcanos>
            <generateStructures>false</generateStructures>
            <generateGeodes>false</generateGeodes>
            <planet DIMID="32" name="Nereid">
                <isKnown>false</isKnown>
                <fogColor>1.0,1.0,1.0</fogColor>
                <skyColor>1.0,1.0,1.0</skyColor>
                <gravitationalMultiplier>3</gravitationalMultiplier>
                <orbitalDistance>400</orbitalDistance>
                <orbitalTheta>280</orbitalTheta>
                <orbitalPhi>0</orbitalPhi>
                <retrograde>false</retrograde>
                <avgTemperature>127</avgTemperature>
                <rotationalPeriod>12000</rotationalPeriod>
                <atmosphereDensity>0</atmosphereDensity>
                <generateCraters>false</generateCraters>
                <generateCaves>false</generateCaves>
                <generateVolcanos>false</generateVolcanos>
                <generateStructures>false</generateStructures>
                <generateGeodes>false</generateGeodes>
                <biomeIds>advancedrocketry:moon;30,advancedrocketry:moondark;30</biomeIds>
            </planet>
            <planet DIMID="30" name="Proteus">
                <isKnown>false</isKnown>
                <fogColor>1.0,1.0,1.0</fogColor>
                <skyColor>1.0,1.0,1.0</skyColor>
                <gravitationalMultiplier>1</gravitationalMultiplier>
                <orbitalDistance>80</orbitalDistance>
                <orbitalTheta>340</orbitalTheta>
                <orbitalPhi>0</orbitalPhi>
                <retrograde>false</retrograde>
                <avgTemperature>286</avgTemperature>
                <rotationalPeriod>26400</rotationalPeriod>
                <atmosphereDensity>0</atmosphereDensity>
                <generateCraters>false</generateCraters>
                <generateCaves>false</generateCaves>
                <generateVolcanos>false</generateVolcanos>
                <generateStructures>false</generateStructures>
                <generateGeodes>false</generateGeodes>
                <biomeIds>advancedrocketry:moon;30,advancedrocketry:moondark;30</biomeIds>
            </planet>
            <planet DIMID="31" name="Triton">
                <isKnown>false</isKnown>
                <fogColor>1.0,1.0,1.0</fogColor>
                <skyColor>1.0,1.0,1.0</skyColor>
                <gravitationalMultiplier>8</gravitationalMultiplier>
                <orbitalDistance>140</orbitalDistance>
                <orbitalTheta>320</orbitalTheta>
                <orbitalPhi>0</orbitalPhi>
                <retrograde>true</retrograde>
                <avgTemperature>216</avgTemperature>
                <rotationalPeriod>141048</rotationalPeriod>
                <atmosphereDensity>0</atmosphereDensity>
                <generateCraters>false</generateCraters>
                <generateCaves>false</generateCaves>
                <generateVolcanos>false</generateVolcanos>
                <generateStructures>false</generateStructures>
                <generateGeodes>false</generateGeodes>
                <biomeIds>advancedrocketry:moon;30,advancedrocketry:moondark;30</biomeIds>
            </planet>
        </planet>
    </star>
</galaxy>
