{
  "mts:partscanner": {
    "criteria": {
      "has_partscanner": "2022-11-20 07:58:51 -0800"
    },
    "done": true
  },
  "mts:vehiclebench": {
    "criteria": {
      "has_vehiclebench": "2022-11-20 07:48:05 -0800"
    },
    "done": true
  },
  "mts:fuelhose": {
    "criteria": {
      "has_fuelhose": "2022-11-20 08:02:00 -0800"
    },
    "done": true
  },
  "unuparts:promotional_material": {
    "criteria": {
      "has_unuparts_decor_unu_cutout_derrick": "2022-11-20 07:36:13 -0800"
    },
    "done": true
  },
  "mts:wrench": {
    "criteria": {
      "has_wrench": "2022-11-20 07:43:08 -0800"
    },
    "done": true
  },
  "minecraft:recipes/tools/diamond_pickaxe": {
    "criteria": {
      "has_diamond": "2022-11-20 07:19:17 -0800"
    },
    "done": true
  },
  "minecraft:recipes/tools/diamond_hoe": {
    "criteria": {
      "has_diamond": "2022-11-20 07:19:17 -0800"
    },
    "done": true
  },
  "mts:jerrycan": {
    "criteria": {
      "has_jerrycan": "2022-11-20 07:33:44 -0800"
    },
    "done": true
  },
  "minecraft:recipes/tools/diamond_shovel": {
    "criteria": {
      "has_diamond": "2022-11-20 07:19:17 -0800"
    },
    "done": true
  },
  "mts:jumpercable": {
    "criteria": {
      "has_jumpercable": "2022-11-20 07:37:39 -0800"
    },
    "done": true
  },
  "mts:custombench": {
    "criteria": {
      "has_custombench": "2022-11-20 07:55:39 -0800"
    },
    "done": true
  },
  "immersiveengineering:main/make_steel": {
    "criteria": {
      "craft_hammer": "2022-11-20 06:49:13 -0800"
    },
    "done": true
  },
  "minecraft:recipes/combat/diamond_chestplate": {
    "criteria": {
      "has_diamond": "2022-11-20 07:19:17 -0800"
    },
    "done": true
  },
  "unuparts:quality_engines": {
    "criteria": {
      "v12ha": "2022-11-20 07:32:21 -0800"
    },
    "done": true
  },
  "mts:seatbench": {
    "criteria": {
      "has_seatbench": "2022-11-20 07:55:26 -0800"
    },
    "done": true
  },
  "advancedrocketry:normal/root": {
    "criteria": {
      "crafting_table": "2022-11-20 07:19:26 -0800"
    },
    "done": true
  },
  "mts:fuelpump": {
    "criteria": {
      "has_fuelpump": "2022-11-20 07:34:01 -0800"
    },
    "done": true
  },
  "enderio:root": {
    "criteria": {
      "location": "2022-11-20 06:35:28 -0800"
    },
    "done": true
  },
  "minecraft:recipes/tools/diamond_axe": {
    "criteria": {
      "has_diamond": "2022-11-20 07:19:17 -0800"
    },
    "done": true
  },
  "mts:jumperpack": {
    "criteria": {
      "has_batteryjumper": "2022-11-20 07:37:37 -0800"
    },
    "done": true
  },
  "immersiveengineering:main/root": {
    "criteria": {
      "hold_manual": "2022-11-20 08:26:01 -0800"
    },
    "done": true
  },
  "cfm:root": {
    "criteria": {
      "tick": "2022-11-20 06:35:28 -0800"
    },
    "done": true
  },
  "minecraft:adventure/adventuring_time": {
    "criteria": {
      "plains": "2022-11-20 06:35:28 -0800"
    },
    "done": false
  },
  "mts:root": {
    "criteria": {
      "crafting_table": "2022-11-20 07:19:26 -0800"
    },
    "done": true
  },
  "minecraft:recipes/combat/diamond_leggings": {
    "criteria": {
      "has_diamond": "2022-11-20 07:19:17 -0800"
    },
    "done": true
  },
  "unuparts:root": {
    "criteria": {
      "vehiclebench": "2022-11-20 07:48:05 -0800"
    },
    "done": true
  },
  "unuparts:fueled_by_unu": {
    "criteria": {
      "has_unuparts_fuelpump_unu_standard": "2022-11-20 07:53:35 -0800"
    },
    "done": true
  },
  "immersiveengineering:main/craft_hammer": {
    "criteria": {
      "craft_hammer": "2022-11-20 06:43:30 -0800"
    },
    "done": true
  },
  "minecraft:recipes/decorations/chest": {
    "criteria": {
      "has_lots_of_items": "2022-11-20 06:56:52 -0800"
    },
    "done": true
  },
  "minecraft:recipes/combat/diamond_boots": {
    "criteria": {
      "has_diamond": "2022-11-20 07:19:17 -0800"
    },
    "done": true
  },
  "minecraft:story/mine_diamond": {
    "criteria": {
      "diamond": "2022-11-20 07:19:17 -0800"
    },
    "done": true
  },
  "unuparts:quality_decors": {
    "criteria": {
      "cutout_derrick": "2022-11-20 07:36:13 -0800"
    },
    "done": true
  },
  "unuparts:quality_wheels": {
    "criteria": {
      "truck_budd": "2022-11-20 07:31:48 -0800"
    },
    "done": true
  },
  "cfm:install": {
    "criteria": {
      "tick": "2022-11-20 06:35:28 -0800"
    },
    "done": true
  },
  "minecraft:recipes/combat/diamond_helmet": {
    "criteria": {
      "has_diamond": "2022-11-20 07:19:17 -0800"
    },
    "done": true
  },
  "minecraft:story/root": {
    "criteria": {
      "crafting_table": "2022-11-20 07:19:26 -0800"
    },
    "done": true
  },
  "minecraft:recipes/combat/diamond_sword": {
    "criteria": {
      "has_diamond": "2022-11-20 07:19:17 -0800"
    },
    "done": true
  },
  "nuclearcraft:root": {
    "criteria": {
      "location": "2022-11-20 06:35:28 -0800"
    },
    "done": true
  },
  "mts:rtfm": {
    "criteria": {
      "has_manual": "2022-11-20 07:58:13 -0800"
    },
    "done": true
  },
  "minecraft:recipes/decorations/jukebox": {
    "criteria": {
      "has_diamond": "2022-11-20 07:19:17 -0800"
    },
    "done": true
  },
  "immersiveengineering:main/multiblock_excavator": {
    "criteria": {
      "form_blastfurnace": "2022-11-20 08:29:02 -0800"
    },
    "done": true
  },
  "unumilitary:time_to_invade": {
    "criteria": {
      "fuelpump_unu_standard": "2022-11-20 07:53:35 -0800"
    },
    "done": true
  }
}