{
  "questProgress:9": {
    "0:10": {
      "completed:9": {
        "0:10": {
          "claimed:1": 1,
          "timestamp:4": 1668955168601,
          "uuid:8": "33f71b20-0388-453a-9897-160e2f81c887"
        }
      },
      "tasks:9": {
        "0:10": {
          "completeUsers:9": {
            "0:8": "33f71b20-0388-453a-9897-160e2f81c887"
          },
          "userProgress:9": {
            "0:10": {
              "uuid:8": "33f71b20-0388-453a-9897-160e2f81c887",
              "data:9": {
                "0:3": 1
              }
            }
          },
          "taskID:8": "bq_standard:retrieval",
          "index:3": 0
        },
        "1:10": {
          "completeUsers:9": {},
          "userProgress:9": {},
          "taskID:8": "bq_gs:gamestage",
          "index:3": 1
        }
      },
      "questID:3": 0
    },
    "1:10": {
      "completed:9": {
        "0:10": {
          "claimed:1": 1,
          "timestamp:4": 1668955130278,
          "uuid:8": "33f71b20-0388-453a-9897-160e2f81c887"
        }
      },
      "tasks:9": {
        "0:10": {
          "completeUsers:9": {
            "0:8": "33f71b20-0388-453a-9897-160e2f81c887"
          },
          "taskID:8": "bq_standard:checkbox",
          "index:3": 0
        },
        "1:10": {
          "completeUsers:9": {},
          "userProgress:9": {},
          "taskID:8": "bq_gs:gamestage",
          "index:3": 1
        }
      },
      "questID:3": 1
    },
    "2:10": {
      "completed:9": {
        "0:10": {
          "claimed:1": 1,
          "timestamp:4": 1668955174749,
          "uuid:8": "33f71b20-0388-453a-9897-160e2f81c887"
        }
      },
      "tasks:9": {
        "0:10": {
          "completeUsers:9": {
            "0:8": "33f71b20-0388-453a-9897-160e2f81c887"
          },
          "userProgress:9": {
            "0:10": {
              "uuid:8": "33f71b20-0388-453a-9897-160e2f81c887",
              "data:9": {
                "0:3": 1
              }
            }
          },
          "taskID:8": "bq_standard:retrieval",
          "index:3": 0
        },
        "1:10": {
          "completeUsers:9": {},
          "userProgress:9": {},
          "taskID:8": "bq_gs:gamestage",
          "index:3": 1
        }
      },
      "questID:3": 2
    },
    "3:10": {
      "completed:9": {
        "0:10": {
          "claimed:1": 1,
          "timestamp:4": 1668955246850,
          "uuid:8": "33f71b20-0388-453a-9897-160e2f81c887"
        }
      },
      "tasks:9": {
        "0:10": {
          "completeUsers:9": {
            "0:8": "33f71b20-0388-453a-9897-160e2f81c887"
          },
          "userProgress:9": {
            "0:10": {
              "uuid:8": "33f71b20-0388-453a-9897-160e2f81c887",
              "data:9": {
                "0:3": 2
              }
            }
          },
          "taskID:8": "bq_standard:retrieval",
          "index:3": 0
        },
        "1:10": {
          "completeUsers:9": {},
          "userProgress:9": {},
          "taskID:8": "bq_gs:gamestage",
          "index:3": 1
        }
      },
      "questID:3": 3
    },
    "4:10": {
      "completed:9": {
        "0:10": {
          "claimed:1": 1,
          "timestamp:4": 1668955231648,
          "uuid:8": "33f71b20-0388-453a-9897-160e2f81c887"
        }
      },
      "tasks:9": {
        "0:10": {
          "completeUsers:9": {
            "0:8": "33f71b20-0388-453a-9897-160e2f81c887"
          },
          "userProgress:9": {
            "0:10": {
              "uuid:8": "33f71b20-0388-453a-9897-160e2f81c887",
              "data:9": {
                "0:3": 1
              }
            }
          },
          "taskID:8": "bq_standard:retrieval",
          "index:3": 0
        },
        "1:10": {
          "completeUsers:9": {},
          "userProgress:9": {},
          "taskID:8": "bq_gs:gamestage",
          "index:3": 1
        }
      },
      "questID:3": 4
    },
    "5:10": {
      "completed:9": {
        "0:10": {
          "claimed:1": 1,
          "timestamp:4": 1668955321749,
          "uuid:8": "33f71b20-0388-453a-9897-160e2f81c887"
        }
      },
      "tasks:9": {
        "0:10": {
          "completeUsers:9": {
            "0:8": "33f71b20-0388-453a-9897-160e2f81c887"
          },
          "userProgress:9": {
            "0:10": {
              "uuid:8": "33f71b20-0388-453a-9897-160e2f81c887",
              "data:9": {
                "0:3": 1
              }
            }
          },
          "taskID:8": "bq_standard:retrieval",
          "index:3": 0
        },
        "1:10": {
          "completeUsers:9": {},
          "userProgress:9": {},
          "taskID:8": "bq_gs:gamestage",
          "index:3": 1
        }
      },
      "questID:3": 5
    },
    "6:10": {
      "completed:9": {
        "0:10": {
          "claimed:1": 1,
          "timestamp:4": 1668956727298,
          "uuid:8": "33f71b20-0388-453a-9897-160e2f81c887"
        }
      },
      "tasks:9": {
        "0:10": {
          "completeUsers:9": {
            "0:8": "33f71b20-0388-453a-9897-160e2f81c887"
          },
          "userProgress:9": {
            "0:10": {
              "uuid:8": "33f71b20-0388-453a-9897-160e2f81c887",
              "data:9": {
                "0:3": 4,
                "1:3": 8
              }
            }
          },
          "taskID:8": "bq_standard:retrieval",
          "index:3": 0
        },
        "1:10": {
          "completeUsers:9": {},
          "userProgress:9": {},
          "taskID:8": "bq_gs:gamestage",
          "index:3": 1
        }
      },
      "questID:3": 6
    },
    "7:10": {
      "completed:9": {},
      "tasks:9": {
        "0:10": {
          "completeUsers:9": {},
          "userProgress:9": {},
          "taskID:8": "bq_standard:retrieval",
          "index:3": 0
        },
        "1:10": {
          "completeUsers:9": {},
          "userProgress:9": {},
          "taskID:8": "bq_gs:gamestage",
          "index:3": 1
        }
      },
      "questID:3": 7
    },
    "8:10": {
      "completed:9": {
        "0:10": {
          "claimed:1": 1,
          "timestamp:4": 1668955297748,
          "uuid:8": "33f71b20-0388-453a-9897-160e2f81c887"
        }
      },
      "tasks:9": {
        "0:10": {
          "completeUsers:9": {
            "0:8": "33f71b20-0388-453a-9897-160e2f81c887"
          },
          "userProgress:9": {
            "0:10": {
              "uuid:8": "33f71b20-0388-453a-9897-160e2f81c887",
              "data:9": {
                "0:3": 1,
                "1:3": 1,
                "2:3": 1
              }
            }
          },
          "taskID:8": "bq_standard:retrieval",
          "index:3": 0
        },
        "1:10": {
          "completeUsers:9": {},
          "userProgress:9": {},
          "taskID:8": "bq_gs:gamestage",
          "index:3": 1
        }
      },
      "questID:3": 8
    },
    "9:10": {
      "completed:9": {
        "0:10": {
          "claimed:1": 1,
          "timestamp:4": 1668956771000,
          "uuid:8": "33f71b20-0388-453a-9897-160e2f81c887"
        }
      },
      "tasks:9": {
        "0:10": {
          "completeUsers:9": {
            "0:8": "33f71b20-0388-453a-9897-160e2f81c887"
          },
          "userProgress:9": {
            "0:10": {
              "uuid:8": "33f71b20-0388-453a-9897-160e2f81c887",
              "data:9": {
                "0:3": 1
              }
            }
          },
          "taskID:8": "bq_standard:retrieval",
          "index:3": 0
        },
        "1:10": {
          "completeUsers:9": {
            "0:8": "33f71b20-0388-453a-9897-160e2f81c887"
          },
          "userProgress:9": {
            "0:10": {
              "uuid:8": "33f71b20-0388-453a-9897-160e2f81c887",
              "value:3": 1
            }
          },
          "taskID:8": "bq_gs:gamestage",
          "index:3": 1
        }
      },
      "questID:3": 9
    },
    "10:10": {
      "completed:9": {},
      "tasks:9": {
        "0:10": {
          "completeUsers:9": {},
          "userProgress:9": {},
          "taskID:8": "bq_standard:retrieval",
          "index:3": 0
        },
        "1:10": {
          "completeUsers:9": {},
          "userProgress:9": {},
          "taskID:8": "bq_gs:gamestage",
          "index:3": 1
        }
      },
      "questID:3": 10
    },
    "11:10": {
      "completed:9": {},
      "tasks:9": {
        "0:10": {
          "completeUsers:9": {},
          "userProgress:9": {},
          "taskID:8": "bq_standard:retrieval",
          "index:3": 0
        },
        "1:10": {
          "completeUsers:9": {},
          "userProgress:9": {},
          "taskID:8": "bq_gs:gamestage",
          "index:3": 1
        }
      },
      "questID:3": 11
    },
    "12:10": {
      "completed:9": {},
      "tasks:9": {
        "0:10": {
          "completeUsers:9": {},
          "userProgress:9": {},
          "taskID:8": "bq_standard:retrieval",
          "index:3": 0
        },
        "1:10": {
          "completeUsers:9": {},
          "userProgress:9": {},
          "taskID:8": "bq_gs:gamestage",
          "index:3": 1
        }
      },
      "questID:3": 12
    },
    "13:10": {
      "completed:9": {},
      "tasks:9": {
        "0:10": {
          "completeUsers:9": {},
          "userProgress:9": {},
          "taskID:8": "bq_standard:retrieval",
          "index:3": 0
        },
        "1:10": {
          "completeUsers:9": {},
          "userProgress:9": {},
          "taskID:8": "bq_gs:gamestage",
          "index:3": 1
        }
      },
      "questID:3": 13
    },
    "14:10": {
      "completed:9": {},
      "tasks:9": {
        "0:10": {
          "completeUsers:9": {},
          "userProgress:9": {},
          "taskID:8": "bq_gs:gamestage",
          "index:3": 0
        }
      },
      "questID:3": 14
    },
    "15:10": {
      "completed:9": {},
      "tasks:9": {
        "0:10": {
          "completeUsers:9": {},
          "userProgress:9": {},
          "taskID:8": "bq_standard:retrieval",
          "index:3": 0
        },
        "1:10": {
          "completeUsers:9": {},
          "userProgress:9": {},
          "taskID:8": "bq_gs:gamestage",
          "index:3": 1
        }
      },
      "questID:3": 15
    },
    "16:10": {
      "completed:9": {},
      "tasks:9": {
        "0:10": {
          "completeUsers:9": {},
          "userProgress:9": {},
          "taskID:8": "bq_standard:retrieval",
          "index:3": 0
        },
        "1:10": {
          "completeUsers:9": {},
          "userProgress:9": {},
          "taskID:8": "bq_gs:gamestage",
          "index:3": 1
        }
      },
      "questID:3": 16
    },
    "17:10": {
      "completed:9": {},
      "tasks:9": {
        "0:10": {
          "completeUsers:9": {},
          "userProgress:9": {},
          "taskID:8": "bq_standard:retrieval",
          "index:3": 0
        },
        "1:10": {
          "completeUsers:9": {},
          "userProgress:9": {},
          "taskID:8": "bq_gs:gamestage",
          "index:3": 1
        }
      },
      "questID:3": 17
    },
    "18:10": {
      "completed:9": {},
      "tasks:9": {
        "0:10": {
          "completeUsers:9": {},
          "userProgress:9": {},
          "taskID:8": "bq_standard:retrieval",
          "index:3": 0
        },
        "1:10": {
          "completeUsers:9": {},
          "userProgress:9": {},
          "taskID:8": "bq_gs:gamestage",
          "index:3": 1
        }
      },
      "questID:3": 21
    },
    "19:10": {
      "completed:9": {},
      "tasks:9": {
        "0:10": {
          "completeUsers:9": {},
          "userProgress:9": {},
          "taskID:8": "bq_standard:retrieval",
          "index:3": 0
        },
        "1:10": {
          "completeUsers:9": {},
          "userProgress:9": {},
          "taskID:8": "bq_gs:gamestage",
          "index:3": 1
        }
      },
      "questID:3": 23
    },
    "20:10": {
      "completed:9": {},
      "tasks:9": {
        "0:10": {
          "completeUsers:9": {},
          "userProgress:9": {},
          "taskID:8": "bq_standard:retrieval",
          "index:3": 0
        },
        "1:10": {
          "completeUsers:9": {},
          "userProgress:9": {},
          "taskID:8": "bq_gs:gamestage",
          "index:3": 1
        }
      },
      "questID:3": 24
    },
    "21:10": {
      "completed:9": {},
      "tasks:9": {
        "0:10": {
          "completeUsers:9": {},
          "userProgress:9": {},
          "taskID:8": "bq_standard:retrieval",
          "index:3": 0
        },
        "1:10": {
          "completeUsers:9": {},
          "userProgress:9": {},
          "taskID:8": "bq_gs:gamestage",
          "index:3": 1
        }
      },
      "questID:3": 25
    },
    "22:10": {
      "completed:9": {
        "0:10": {
          "claimed:1": 0,
          "timestamp:4": 1668955042300,
          "uuid:8": "33f71b20-0388-453a-9897-160e2f81c887"
        }
      },
      "tasks:9": {
        "0:10": {
          "completeUsers:9": {
            "0:8": "33f71b20-0388-453a-9897-160e2f81c887"
          },
          "taskID:8": "bq_standard:checkbox",
          "index:3": 0
        }
      },
      "questID:3": 26
    },
    "23:10": {
      "completed:9": {
        "0:10": {
          "claimed:1": 0,
          "timestamp:4": 1668955051300,
          "uuid:8": "33f71b20-0388-453a-9897-160e2f81c887"
        }
      },
      "tasks:9": {
        "0:10": {
          "completeUsers:9": {
            "0:8": "33f71b20-0388-453a-9897-160e2f81c887"
          },
          "taskID:8": "bq_standard:checkbox",
          "index:3": 0
        }
      },
      "questID:3": 27
    },
    "24:10": {
      "completed:9": {
        "0:10": {
          "claimed:1": 0,
          "timestamp:4": 1668955054301,
          "uuid:8": "33f71b20-0388-453a-9897-160e2f81c887"
        }
      },
      "tasks:9": {
        "0:10": {
          "completeUsers:9": {
            "0:8": "33f71b20-0388-453a-9897-160e2f81c887"
          },
          "taskID:8": "bq_standard:checkbox",
          "index:3": 0
        }
      },
      "questID:3": 28
    },
    "25:10": {
      "completed:9": {
        "0:10": {
          "claimed:1": 0,
          "timestamp:4": 1668955057300,
          "uuid:8": "33f71b20-0388-453a-9897-160e2f81c887"
        }
      },
      "tasks:9": {
        "0:10": {
          "completeUsers:9": {
            "0:8": "33f71b20-0388-453a-9897-160e2f81c887"
          },
          "taskID:8": "bq_standard:checkbox",
          "index:3": 0
        }
      },
      "questID:3": 29
    },
    "26:10": {
      "completed:9": {
        "0:10": {
          "claimed:1": 0,
          "timestamp:4": 1668955120299,
          "uuid:8": "33f71b20-0388-453a-9897-160e2f81c887"
        }
      },
      "tasks:9": {
        "0:10": {
          "completeUsers:9": {
            "0:8": "33f71b20-0388-453a-9897-160e2f81c887"
          },
          "userProgress:9": {
            "0:10": {
              "uuid:8": "33f71b20-0388-453a-9897-160e2f81c887",
              "value:3": 1
            }
          },
          "taskID:8": "bq_gs:gamestage",
          "index:3": 0
        }
      },
      "questID:3": 30
    },
    "27:10": {
      "completed:9": {
        "0:10": {
          "claimed:1": 0,
          "timestamp:4": 1668955060300,
          "uuid:8": "33f71b20-0388-453a-9897-160e2f81c887"
        }
      },
      "tasks:9": {
        "0:10": {
          "completeUsers:9": {
            "0:8": "33f71b20-0388-453a-9897-160e2f81c887"
          },
          "taskID:8": "bq_standard:checkbox",
          "index:3": 0
        }
      },
      "questID:3": 31
    },
    "28:10": {
      "completed:9": {},
      "tasks:9": {
        "0:10": {
          "completeUsers:9": {},
          "userProgress:9": {},
          "taskID:8": "bq_standard:retrieval",
          "index:3": 0
        },
        "1:10": {
          "completeUsers:9": {},
          "userProgress:9": {},
          "taskID:8": "bq_gs:gamestage",
          "index:3": 1
        }
      },
      "questID:3": 76
    },
    "29:10": {
      "completed:9": {},
      "tasks:9": {
        "0:10": {
          "completeUsers:9": {},
          "userProgress:9": {},
          "taskID:8": "bq_standard:retrieval",
          "index:3": 0
        },
        "1:10": {
          "completeUsers:9": {},
          "userProgress:9": {},
          "taskID:8": "bq_gs:gamestage",
          "index:3": 1
        }
      },
      "questID:3": 77
    },
    "30:10": {
      "completed:9": {},
      "tasks:9": {
        "0:10": {
          "completeUsers:9": {},
          "userProgress:9": {},
          "taskID:8": "bq_standard:retrieval",
          "index:3": 0
        },
        "1:10": {
          "completeUsers:9": {},
          "userProgress:9": {},
          "taskID:8": "bq_gs:gamestage",
          "index:3": 1
        }
      },
      "questID:3": 78
    },
    "31:10": {
      "completed:9": {},
      "tasks:9": {
        "0:10": {
          "completeUsers:9": {},
          "taskID:8": "bq_standard:checkbox",
          "index:3": 0
        }
      },
      "questID:3": 79
    },
    "32:10": {
      "completed:9": {},
      "tasks:9": {
        "0:10": {
          "completeUsers:9": {},
          "userProgress:9": {},
          "taskID:8": "bq_standard:retrieval",
          "index:3": 0
        },
        "1:10": {
          "completeUsers:9": {},
          "userProgress:9": {},
          "taskID:8": "bq_gs:gamestage",
          "index:3": 1
        }
      },
      "questID:3": 80
    },
    "33:10": {
      "completed:9": {},
      "tasks:9": {
        "0:10": {
          "completeUsers:9": {},
          "taskID:8": "bq_standard:checkbox",
          "index:3": 0
        }
      },
      "questID:3": 81
    },
    "34:10": {
      "completed:9": {
        "0:10": {
          "claimed:1": 1,
          "timestamp:4": 1668955327800,
          "uuid:8": "33f71b20-0388-453a-9897-160e2f81c887"
        }
      },
      "tasks:9": {
        "0:10": {
          "completeUsers:9": {
            "0:8": "33f71b20-0388-453a-9897-160e2f81c887"
          },
          "userProgress:9": {
            "0:10": {
              "uuid:8": "33f71b20-0388-453a-9897-160e2f81c887",
              "data:9": {
                "0:3": 1
              }
            }
          },
          "taskID:8": "bq_standard:retrieval",
          "index:3": 0
        },
        "1:10": {
          "completeUsers:9": {},
          "userProgress:9": {},
          "taskID:8": "bq_gs:gamestage",
          "index:3": 1
        }
      },
      "questID:3": 99
    },
    "35:10": {
      "completed:9": {},
      "tasks:9": {
        "0:10": {
          "completeUsers:9": {},
          "userProgress:9": {},
          "taskID:8": "bq_standard:retrieval",
          "index:3": 0
        },
        "1:10": {
          "completeUsers:9": {},
          "userProgress:9": {},
          "taskID:8": "bq_gs:gamestage",
          "index:3": 1
        }
      },
      "questID:3": 114
    },
    "36:10": {
      "completed:9": {
        "0:10": {
          "claimed:1": 0,
          "timestamp:4": 1668955045301,
          "uuid:8": "33f71b20-0388-453a-9897-160e2f81c887"
        }
      },
      "tasks:9": {
        "0:10": {
          "completeUsers:9": {
            "0:8": "33f71b20-0388-453a-9897-160e2f81c887"
          },
          "taskID:8": "bq_standard:checkbox",
          "index:3": 0
        }
      },
      "questID:3": 115
    },
    "37:10": {
      "completed:9": {
        "0:10": {
          "claimed:1": 0,
          "timestamp:4": 1668955048299,
          "uuid:8": "33f71b20-0388-453a-9897-160e2f81c887"
        }
      },
      "tasks:9": {
        "0:10": {
          "completeUsers:9": {
            "0:8": "33f71b20-0388-453a-9897-160e2f81c887"
          },
          "taskID:8": "bq_standard:checkbox",
          "index:3": 0
        }
      },
      "questID:3": 116
    },
    "38:10": {
      "completed:9": {
        "0:10": {
          "claimed:1": 0,
          "timestamp:4": 1668955594648,
          "uuid:8": "33f71b20-0388-453a-9897-160e2f81c887"
        }
      },
      "tasks:9": {
        "0:10": {
          "completeUsers:9": {
            "0:8": "33f71b20-0388-453a-9897-160e2f81c887"
          },
          "userProgress:9": {
            "0:10": {
              "uuid:8": "33f71b20-0388-453a-9897-160e2f81c887",
              "data:9": {
                "0:3": 1,
                "1:3": 1,
                "2:3": 1
              }
            }
          },
          "taskID:8": "bq_standard:retrieval",
          "index:3": 0
        }
      },
      "questID:3": 120
    },
    "39:10": {
      "completed:9": {},
      "tasks:9": {
        "0:10": {
          "completeUsers:9": {},
          "userProgress:9": {
            "0:10": {
              "uuid:8": "33f71b20-0388-453a-9897-160e2f81c887",
              "data:9": {
                "0:3": 0,
                "1:3": 15,
                "2:3": 0,
                "3:3": 0,
                "4:3": 63,
                "5:3": 1
              }
            }
          },
          "taskID:8": "bq_standard:retrieval",
          "index:3": 0
        }
      },
      "questID:3": 121
    },
    "40:10": {
      "completed:9": {},
      "tasks:9": {
        "0:10": {
          "completeUsers:9": {
            "0:8": "33f71b20-0388-453a-9897-160e2f81c887"
          },
          "userProgress:9": {
            "0:10": {
              "uuid:8": "33f71b20-0388-453a-9897-160e2f81c887",
              "data:9": {
                "0:3": 44,
                "1:3": 16,
                "2:3": 32
              }
            }
          },
          "taskID:8": "bq_standard:retrieval",
          "index:3": 0
        }
      },
      "questID:3": 122
    },
    "41:10": {
      "completed:9": {},
      "tasks:9": {
        "0:10": {
          "completeUsers:9": {},
          "userProgress:9": {},
          "taskID:8": "bq_standard:retrieval",
          "index:3": 0
        }
      },
      "questID:3": 184
    },
    "42:10": {
      "completed:9": {},
      "tasks:9": {
        "0:10": {
          "completeUsers:9": {},
          "userProgress:9": {},
          "taskID:8": "bq_standard:retrieval",
          "index:3": 0
        }
      },
      "questID:3": 185
    },
    "43:10": {
      "completed:9": {},
      "tasks:9": {
        "0:10": {
          "completeUsers:9": {},
          "userProgress:9": {},
          "taskID:8": "bq_standard:retrieval",
          "index:3": 0
        }
      },
      "questID:3": 186
    },
    "44:10": {
      "completed:9": {},
      "tasks:9": {
        "0:10": {
          "completeUsers:9": {},
          "userProgress:9": {},
          "taskID:8": "bq_standard:retrieval",
          "index:3": 0
        }
      },
      "questID:3": 187
    },
    "45:10": {
      "completed:9": {},
      "tasks:9": {
        "0:10": {
          "completeUsers:9": {},
          "userProgress:9": {},
          "taskID:8": "bq_standard:retrieval",
          "index:3": 0
        }
      },
      "questID:3": 188
    },
    "46:10": {
      "completed:9": {},
      "tasks:9": {
        "0:10": {
          "completeUsers:9": {},
          "userProgress:9": {},
          "taskID:8": "bq_standard:retrieval",
          "index:3": 0
        }
      },
      "questID:3": 189
    },
    "47:10": {
      "completed:9": {},
      "tasks:9": {
        "0:10": {
          "completeUsers:9": {},
          "userProgress:9": {},
          "taskID:8": "bq_standard:retrieval",
          "index:3": 0
        }
      },
      "questID:3": 190
    },
    "48:10": {
      "completed:9": {},
      "tasks:9": {
        "0:10": {
          "completeUsers:9": {},
          "userProgress:9": {},
          "taskID:8": "bq_standard:retrieval",
          "index:3": 0
        }
      },
      "questID:3": 191
    },
    "49:10": {
      "completed:9": {},
      "tasks:9": {
        "0:10": {
          "completeUsers:9": {},
          "userProgress:9": {},
          "taskID:8": "bq_standard:retrieval",
          "index:3": 0
        }
      },
      "questID:3": 192
    },
    "50:10": {
      "completed:9": {},
      "tasks:9": {
        "0:10": {
          "completeUsers:9": {},
          "userProgress:9": {},
          "taskID:8": "bq_standard:retrieval",
          "index:3": 0
        }
      },
      "questID:3": 193
    },
    "51:10": {
      "completed:9": {},
      "tasks:9": {
        "0:10": {
          "completeUsers:9": {},
          "userProgress:9": {},
          "taskID:8": "bq_standard:retrieval",
          "index:3": 0
        }
      },
      "questID:3": 194
    },
    "52:10": {
      "completed:9": {},
      "tasks:9": {
        "0:10": {
          "completeUsers:9": {},
          "userProgress:9": {},
          "taskID:8": "bq_standard:retrieval",
          "index:3": 0
        }
      },
      "questID:3": 195
    },
    "53:10": {
      "completed:9": {},
      "tasks:9": {
        "0:10": {
          "completeUsers:9": {},
          "userProgress:9": {},
          "taskID:8": "bq_standard:retrieval",
          "index:3": 0
        }
      },
      "questID:3": 196
    },
    "54:10": {
      "completed:9": {},
      "tasks:9": {
        "0:10": {
          "completeUsers:9": {},
          "userProgress:9": {},
          "taskID:8": "bq_standard:retrieval",
          "index:3": 0
        }
      },
      "questID:3": 197
    },
    "55:10": {
      "completed:9": {},
      "tasks:9": {
        "0:10": {
          "completeUsers:9": {},
          "userProgress:9": {},
          "taskID:8": "bq_standard:retrieval",
          "index:3": 0
        }
      },
      "questID:3": 198
    },
    "56:10": {
      "completed:9": {},
      "tasks:9": {
        "0:10": {
          "completeUsers:9": {},
          "userProgress:9": {},
          "taskID:8": "bq_standard:retrieval",
          "index:3": 0
        }
      },
      "questID:3": 199
    },
    "57:10": {
      "completed:9": {},
      "tasks:9": {
        "0:10": {
          "completeUsers:9": {},
          "userProgress:9": {},
          "taskID:8": "bq_standard:retrieval",
          "index:3": 0
        }
      },
      "questID:3": 200
    },
    "58:10": {
      "completed:9": {},
      "tasks:9": {
        "0:10": {
          "completeUsers:9": {},
          "userProgress:9": {},
          "taskID:8": "bq_standard:retrieval",
          "index:3": 0
        }
      },
      "questID:3": 201
    },
    "59:10": {
      "completed:9": {},
      "tasks:9": {
        "0:10": {
          "completeUsers:9": {},
          "userProgress:9": {},
          "taskID:8": "bq_standard:retrieval",
          "index:3": 0
        }
      },
      "questID:3": 202
    },
    "60:10": {
      "completed:9": {},
      "tasks:9": {
        "0:10": {
          "completeUsers:9": {},
          "userProgress:9": {},
          "taskID:8": "bq_standard:retrieval",
          "index:3": 0
        }
      },
      "questID:3": 203
    },
    "61:10": {
      "completed:9": {},
      "tasks:9": {
        "0:10": {
          "completeUsers:9": {},
          "userProgress:9": {},
          "taskID:8": "bq_standard:retrieval",
          "index:3": 0
        }
      },
      "questID:3": 204
    },
    "62:10": {
      "completed:9": {},
      "tasks:9": {
        "0:10": {
          "completeUsers:9": {},
          "userProgress:9": {},
          "taskID:8": "bq_standard:retrieval",
          "index:3": 0
        }
      },
      "questID:3": 205
    },
    "63:10": {
      "completed:9": {},
      "tasks:9": {
        "0:10": {
          "completeUsers:9": {},
          "userProgress:9": {},
          "taskID:8": "bq_standard:retrieval",
          "index:3": 0
        }
      },
      "questID:3": 206
    },
    "64:10": {
      "completed:9": {},
      "tasks:9": {
        "0:10": {
          "completeUsers:9": {},
          "userProgress:9": {},
          "taskID:8": "bq_standard:retrieval",
          "index:3": 0
        }
      },
      "questID:3": 207
    },
    "65:10": {
      "completed:9": {},
      "tasks:9": {
        "0:10": {
          "completeUsers:9": {},
          "userProgress:9": {},
          "taskID:8": "bq_standard:retrieval",
          "index:3": 0
        }
      },
      "questID:3": 208
    },
    "66:10": {
      "completed:9": {},
      "tasks:9": {
        "0:10": {
          "completeUsers:9": {},
          "userProgress:9": {},
          "taskID:8": "bq_standard:retrieval",
          "index:3": 0
        }
      },
      "questID:3": 209
    },
    "67:10": {
      "completed:9": {},
      "tasks:9": {
        "0:10": {
          "completeUsers:9": {},
          "userProgress:9": {},
          "taskID:8": "bq_standard:retrieval",
          "index:3": 0
        }
      },
      "questID:3": 210
    },
    "68:10": {
      "completed:9": {},
      "tasks:9": {
        "0:10": {
          "completeUsers:9": {},
          "userProgress:9": {},
          "taskID:8": "bq_standard:retrieval",
          "index:3": 0
        }
      },
      "questID:3": 211
    },
    "69:10": {
      "completed:9": {},
      "tasks:9": {
        "0:10": {
          "completeUsers:9": {},
          "userProgress:9": {},
          "taskID:8": "bq_standard:retrieval",
          "index:3": 0
        }
      },
      "questID:3": 212
    },
    "70:10": {
      "completed:9": {},
      "tasks:9": {
        "0:10": {
          "completeUsers:9": {},
          "userProgress:9": {},
          "taskID:8": "bq_standard:retrieval",
          "index:3": 0
        }
      },
      "questID:3": 213
    },
    "71:10": {
      "completed:9": {},
      "tasks:9": {
        "0:10": {
          "completeUsers:9": {},
          "userProgress:9": {},
          "taskID:8": "bq_standard:retrieval",
          "index:3": 0
        }
      },
      "questID:3": 214
    },
    "72:10": {
      "completed:9": {},
      "tasks:9": {
        "0:10": {
          "completeUsers:9": {},
          "userProgress:9": {},
          "taskID:8": "bq_standard:retrieval",
          "index:3": 0
        }
      },
      "questID:3": 215
    },
    "73:10": {
      "completed:9": {},
      "tasks:9": {
        "0:10": {
          "completeUsers:9": {},
          "userProgress:9": {},
          "taskID:8": "bq_standard:retrieval",
          "index:3": 0
        }
      },
      "questID:3": 216
    },
    "74:10": {
      "completed:9": {},
      "tasks:9": {
        "0:10": {
          "completeUsers:9": {},
          "userProgress:9": {},
          "taskID:8": "bq_standard:retrieval",
          "index:3": 0
        }
      },
      "questID:3": 217
    },
    "75:10": {
      "completed:9": {},
      "tasks:9": {
        "0:10": {
          "completeUsers:9": {},
          "userProgress:9": {},
          "taskID:8": "bq_standard:retrieval",
          "index:3": 0
        }
      },
      "questID:3": 218
    },
    "76:10": {
      "completed:9": {},
      "tasks:9": {
        "0:10": {
          "completeUsers:9": {},
          "userProgress:9": {},
          "taskID:8": "bq_standard:retrieval",
          "index:3": 0
        }
      },
      "questID:3": 219
    },
    "77:10": {
      "completed:9": {},
      "tasks:9": {
        "0:10": {
          "completeUsers:9": {},
          "userProgress:9": {},
          "taskID:8": "bq_standard:retrieval",
          "index:3": 0
        }
      },
      "questID:3": 220
    },
    "78:10": {
      "completed:9": {},
      "tasks:9": {
        "0:10": {
          "completeUsers:9": {},
          "userProgress:9": {},
          "taskID:8": "bq_standard:retrieval",
          "index:3": 0
        }
      },
      "questID:3": 221
    },
    "79:10": {
      "completed:9": {},
      "tasks:9": {
        "0:10": {
          "completeUsers:9": {},
          "userProgress:9": {},
          "taskID:8": "bq_standard:retrieval",
          "index:3": 0
        }
      },
      "questID:3": 222
    },
    "80:10": {
      "completed:9": {},
      "tasks:9": {
        "0:10": {
          "completeUsers:9": {},
          "userProgress:9": {},
          "taskID:8": "bq_standard:retrieval",
          "index:3": 0
        }
      },
      "questID:3": 223
    },
    "81:10": {
      "completed:9": {},
      "tasks:9": {
        "0:10": {
          "completeUsers:9": {},
          "userProgress:9": {},
          "taskID:8": "bq_standard:retrieval",
          "index:3": 0
        }
      },
      "questID:3": 241
    },
    "82:10": {
      "completed:9": {},
      "tasks:9": {
        "0:10": {
          "completeUsers:9": {},
          "taskID:8": "bq_standard:checkbox",
          "index:3": 0
        }
      },
      "questID:3": 242
    },
    "83:10": {
      "completed:9": {},
      "tasks:9": {
        "0:10": {
          "completeUsers:9": {},
          "taskID:8": "bq_standard:checkbox",
          "index:3": 0
        }
      },
      "questID:3": 243
    },
    "84:10": {
      "completed:9": {},
      "tasks:9": {
        "0:10": {
          "completeUsers:9": {},
          "taskID:8": "bq_standard:checkbox",
          "index:3": 0
        }
      },
      "questID:3": 244
    },
    "85:10": {
      "completed:9": {},
      "tasks:9": {
        "0:10": {
          "completeUsers:9": {},
          "taskID:8": "bq_standard:checkbox",
          "index:3": 0
        }
      },
      "questID:3": 245
    },
    "86:10": {
      "completed:9": {},
      "tasks:9": {
        "0:10": {
          "completeUsers:9": {},
          "taskID:8": "bq_standard:checkbox",
          "index:3": 0
        }
      },
      "questID:3": 246
    },
    "87:10": {
      "completed:9": {},
      "tasks:9": {
        "0:10": {
          "completeUsers:9": {},
          "taskID:8": "bq_standard:checkbox",
          "index:3": 0
        }
      },
      "questID:3": 247
    }
  }
}